Workbook

Sheet Resumen
A1: ANÁLISIS DE LINEALIDAD — SENSORES SCT013
A6: Sensor | B6: Corriente nominal (A) | C6: Salida nominal (V) | D6: Sensibilidad nominal (V/A) | E6: Pendiente medida (V/A) | F6: Intercepto (V) | G6: R² | H6: Desv. máx. ajuste (V) | I6: No linealidad máx. (% FS) | J6: Máx. error vs ideal (%)
A7: SCT013 (100A/1V) | B7: =CT100A_1V!K4 -> 100 | C7: =CT100A_1V!K5 -> 1 | D7: =CT100A_1V!K6 -> 0.01 | E7: =CT100A_1V!K7 -> 0.0099303113 | F7: =CT100A_1V!K8 -> 0.0059933852 | G7: =CT100A_1V!K9 -> 0.99992056 | H7: =CT100A_1V!K10 -> 0.0047307393 | I7: =CT100A_1V!K11 -> 0.47307393 | J7: =CT100A_1V!K12 -> 0.7
A8: SCT013 (20A/1V) | B8: =CT20A_1V!K4 -> 20 | C8: =CT20A_1V!K5 -> 1 | D8: =CT20A_1V!K6 -> 0.05 | E8: =CT20A_1V!K7 -> 0.049737549 | F8: =CT20A_1V!K8 -> 0.00065291829 | G8: =CT20A_1V!K9 -> 0.99998417 | H8: =CT20A_1V!K10 -> 0.0030463035 | I8: =CT20A_1V!K11 -> 0.30463035 | J8: =CT20A_1V!K12 -> 0.56666667
A9: SCT013 (30A/1V) | B9: =CT30A_1V!K4 -> 30 | C9: =CT30A_1V!K5 -> 1 | D9: =CT30A_1V!K6 -> 0.033333333 | E9: =CT30A_1V!K7 -> 0.03332847 | F9: =CT30A_1V!K8 -> -0.00038774319 | G9: =CT30A_1V!K9 -> 0.99999982 | H9: =CT30A_1V!K10 -> 0.00020447471 | I9: =CT30A_1V!K11 -> 0.020447471 | J9: =CT30A_1V!K12 -> 0.3
A11: LECTURA RÁPIDA

Sheet CT100A_1V
A1: SCT013 (100A/1V) — DATOS Y LINEALIDAD
A3: Corriente (A) | B3: Voltaje medido (V) | C3: Ajuste lineal (V) | D3: Voltaje ideal (V) | E3: Residual (V) | F3: |Residual| (V) | G3: Error vs ideal (%) | H3: |Error| (%) | J3: Parámetro | K3: Valor
A4: 20 | B4: 0.2011 | C4: =$K$7*A4+$K$8 -> 0.20459961 | D4: =A4/$K$4*$K$5 -> 0.2 | E4: =B4-C4 -> -0.0034996109 | F4: =ABS(E4) -> 0.0034996109 | G4: =(B4-D4)/D4*100 -> 0.55 | H4: =ABS(G4) -> 0.55 | J4: Corriente nominal (A) | K4: 100
A5: 40 | B5: 0.4028 | C5: =$K$7*A5+$K$8 -> 0.40320584 | D5: =A5/$K$4*$K$5 -> 0.4 | E5: =B5-C5 -> -0.00040583658 | F5: =ABS(E5) -> 0.00040583658 | G5: =(B5-D5)/D5*100 -> 0.7 | H5: =ABS(G5) -> 0.7 | J5: Salida nominal FS (V) | K5: 1
A6: 50 | B6: 0.5034 | C6: =$K$7*A6+$K$8 -> 0.50250895 | D6: =A6/$K$4*$K$5 -> 0.5 | E6: =B6-C6 -> 0.00089105058 | F6: =ABS(E6) -> 0.00089105058 | G6: =(B6-D6)/D6*100 -> 0.68 | H6: =ABS(G6) -> 0.68 | J6: Sensibilidad nominal (V/A) | K6: =K5/K4 -> 0.01
A7: 60 | B7: 0.6041 | C7: =$K$7*A7+$K$8 -> 0.60181206 | D7: =A7/$K$4*$K$5 -> 0.6 | E7: =B7-C7 -> 0.0022879377 | F7: =ABS(E7) -> 0.0022879377 | G7: =(B7-D7)/D7*100 -> 0.68333333 | H7: =ABS(G7) -> 0.68333333 | J7: Pendiente ajuste (V/A) | K7: =SLOPE(B4:B10,A4:A10) -> 0.0099303113
A8: 80 | B8: 0.8041 | C8: =$K$7*A8+$K$8 -> 0.80041829 | D8: =A8/$K$4*$K$5 -> 0.8 | E8: =B8-C8 -> 0.0036817121 | F8: =ABS(E8) -> 0.0036817121 | G8: =(B8-D8)/D8*100 -> 0.5125 | H8: =ABS(G8) -> 0.5125 | J8: Intercepto (V) | K8: =INTERCEPT(B4:B10,A4:A10) -> 0.0059933852
A9: 100 | B9: 1.0008 | C9: =$K$7*A9+$K$8 -> 0.99902451 | D9: =A9/$K$4*$K$5 -> 1 | E9: =B9-C9 -> 0.0017754864 | F9: =ABS(E9) -> 0.0017754864 | G9: =(B9-D9)/D9*100 -> 0.08 | H9: =ABS(G9) -> 0.08 | J9: R² del ajuste | K9: =RSQ(B4:B10,A4:A10) -> 0.99992056
A10: 120 | B10: 1.1929 | C10: =$K$7*A10+$K$8 -> 1.1976307 | D10: =A10/$K$4*$K$5 -> 1.2 | E10: =B10-C10 -> -0.0047307393 | F10: =ABS(E10) -> 0.0047307393 | G10: =(B10-D10)/D10*100 -> -0.59166667 | H10: =ABS(G10) -> 0.59166667 | J10: Desviación máxima ajuste (V) | K10: =MAX(F4:F10) -> 0.0047307393
J11: No linealidad máxima (% FS) | K11: =K10/K5*100 -> 0.47307393
A12: Interpretación: R² cercano a 1 indica una relación prácticamente lineal. La no linealidad máxima (% FS) es la mayor separación respecto a la recta de mejor ajuste, expresada como porcentaje de la salida nominal de 1 V. | J12: Máximo error vs ideal (%) | K12: =MAX(H4:H10) -> 0.7
J13: R² expresado en (%) | K13: =K9*100 -> 99.992056

Sheet CT20A_1V
A1: SCT013 (20A/1V) — DATOS Y LINEALIDAD
A3: Corriente (A) | B3: Voltaje medido (V) | C3: Ajuste lineal (V) | D3: Voltaje ideal (V) | E3: Residual (V) | F3: |Residual| (V) | G3: Error vs ideal (%) | H3: |Error| (%) | J3: Parámetro | K3: Valor
A4: 4 | B4: 0.1994 | C4: =$K$7*A4+$K$8 -> 0.19960311 | D4: =A4/$K$4*$K$5 -> 0.2 | E4: =B4-C4 -> -0.00020311284 | F4: =ABS(E4) -> 0.00020311284 | G4: =(B4-D4)/D4*100 -> -0.3 | H4: =ABS(G4) -> 0.3 | J4: Corriente nominal (A) | K4: 20
A5: 8 | B5: 0.3983 | C5: =$K$7*A5+$K$8 -> 0.39855331 | D5: =A5/$K$4*$K$5 -> 0.4 | E5: =B5-C5 -> -0.00025330739 | F5: =ABS(E5) -> 0.00025330739 | G5: =(B5-D5)/D5*100 -> -0.425 | H5: =ABS(G5) -> 0.425 | J5: Salida nominal FS (V) | K5: 1
A6: 10 | B6: 0.4973 | C6: =$K$7*A6+$K$8 -> 0.4980284 | D6: =A6/$K$4*$K$5 -> 0.5 | E6: =B6-C6 -> -0.00072840467 | F6: =ABS(E6) -> 0.00072840467 | G6: =(B6-D6)/D6*100 -> -0.54 | H6: =ABS(G6) -> 0.54 | J6: Sensibilidad nominal (V/A) | K6: =K5/K4 -> 0.05
A7: 12 | B7: 0.5971 | C7: =$K$7*A7+$K$8 -> 0.5975035 | D7: =A7/$K$4*$K$5 -> 0.6 | E7: =B7-C7 -> -0.00040350195 | F7: =ABS(E7) -> 0.00040350195 | G7: =(B7-D7)/D7*100 -> -0.48333333 | H7: =ABS(G7) -> 0.48333333 | J7: Pendiente ajuste (V/A) | K7: =SLOPE(B4:B10,A4:A10) -> 0.049737549
A8: 16 | B8: 0.7995 | C8: =$K$7*A8+$K$8 -> 0.7964537 | D8: =A8/$K$4*$K$5 -> 0.8 | E8: =B8-C8 -> 0.0030463035 | F8: =ABS(E8) -> 0.0030463035 | G8: =(B8-D8)/D8*100 -> -0.0625 | H8: =ABS(G8) -> 0.0625 | J8: Intercepto (V) | K8: =INTERCEPT(B4:B10,A4:A10) -> 0.00065291829
A9: 20 | B9: 0.9951 | C9: =$K$7*A9+$K$8 -> 0.99540389 | D9: =A9/$K$4*$K$5 -> 1 | E9: =B9-C9 -> -0.00030389105 | F9: =ABS(E9) -> 0.00030389105 | G9: =(B9-D9)/D9*100 -> -0.49 | H9: =ABS(G9) -> 0.49 | J9: R² del ajuste | K9: =RSQ(B4:B10,A4:A10) -> 0.99998417
A10: 24 | B10: 1.1932 | C10: =$K$7*A10+$K$8 -> 1.1943541 | D10: =A10/$K$4*$K$5 -> 1.2 | E10: =B10-C10 -> -0.0011540856 | F10: =ABS(E10) -> 0.0011540856 | G10: =(B10-D10)/D10*100 -> -0.56666667 | H10: =ABS(G10) -> 0.56666667 | J10: Desviación máxima ajuste (V) | K10: =MAX(F4:F10) -> 0.0030463035
J11: No linealidad máxima (% FS) | K11: =K10/K5*100 -> 0.30463035
A12: Interpretación: R² cercano a 1 indica una relación prácticamente lineal. La no linealidad máxima (% FS) es la mayor separación respecto a la recta de mejor ajuste, expresada como porcentaje de la salida nominal de 1 V. | J12: Máximo error vs ideal (%) | K12: =MAX(H4:H10) -> 0.56666667
J13: R² expresado en (%) | K13: =K9*100 -> 99.998417

Sheet CT30A_1V
A1: SCT013 (30A/1V) — DATOS Y LINEALIDAD
A3: Corriente (A) | B3: Voltaje medido (V) | C3: Ajuste lineal (V) | D3: Voltaje ideal (V) | E3: Residual (V) | F3: |Residual| (V) | G3: Error vs ideal (%) | H3: |Error| (%) | J3: Parámetro | K3: Valor
A4: 6 | B4: 0.1994 | C4: =$K$7*A4+$K$8 -> 0.19958307 | D4: =A4/$K$4*$K$5 -> 0.2 | E4: =B4-C4 -> -0.00018307393 | F4: =ABS(E4) -> 0.00018307393 | G4: =(B4-D4)/D4*100 -> -0.3 | H4: =ABS(G4) -> 0.3 | J4: Corriente nominal (A) | K4: 30
A5: 12 | B5: 0.3995 | C5: =$K$7*A5+$K$8 -> 0.39955389 | D5: =A5/$K$4*$K$5 -> 0.4 | E5: =B5-C5 -> -5.3891051e-05 | F5: =ABS(E5) -> 5.3891051e-05 | G5: =(B5-D5)/D5*100 -> -0.125 | H5: =ABS(G5) -> 0.125 | J5: Salida nominal FS (V) | K5: 1
A6: 15 | B6: 0.4997 | C6: =$K$7*A6+$K$8 -> 0.4995393 | D6: =A6/$K$4*$K$5 -> 0.5 | E6: =B6-C6 -> 0.00016070039 | F6: =ABS(E6) -> 0.00016070039 | G6: =(B6-D6)/D6*100 -> -0.06 | H6: =ABS(G6) -> 0.06 | J6: Sensibilidad nominal (V/A) | K6: =K5/K4 -> 0.033333333
A7: 18 | B7: 0.5996 | C7: =$K$7*A7+$K$8 -> 0.59952471 | D7: =A7/$K$4*$K$5 -> 0.6 | E7: =B7-C7 -> 7.5291829e-05 | F7: =ABS(E7) -> 7.5291829e-05 | G7: =(B7-D7)/D7*100 -> -0.066666667 | H7: =ABS(G7) -> 0.066666667 | J7: Pendiente ajuste (V/A) | K7: =SLOPE(B4:B10,A4:A10) -> 0.03332847
A8: 24 | B8: 0.7997 | C8: =$K$7*A8+$K$8 -> 0.79949553 | D8: =A8/$K$4*$K$5 -> 0.8 | E8: =B8-C8 -> 0.00020447471 | F8: =ABS(E8) -> 0.00020447471 | G8: =(B8-D8)/D8*100 -> -0.0375 | H8: =ABS(G8) -> 0.0375 | J8: Intercepto (V) | K8: =INTERCEPT(B4:B10,A4:A10) -> -0.00038774319
A9: 30 | B9: 0.9994 | C9: =$K$7*A9+$K$8 -> 0.99946634 | D9: =A9/$K$4*$K$5 -> 1 | E9: =B9-C9 -> -6.6342412e-05 | F9: =ABS(E9) -> 6.6342412e-05 | G9: =(B9-D9)/D9*100 -> -0.06 | H9: =ABS(G9) -> 0.06 | J9: R² del ajuste | K9: =RSQ(B4:B10,A4:A10) -> 0.99999982
A10: 36 | B10: 1.1993 | C10: =$K$7*A10+$K$8 -> 1.1994372 | D10: =A10/$K$4*$K$5 -> 1.2 | E10: =B10-C10 -> -0.00013715953 | F10: =ABS(E10) -> 0.00013715953 | G10: =(B10-D10)/D10*100 -> -0.058333333 | H10: =ABS(G10) -> 0.058333333 | J10: Desviación máxima ajuste (V) | K10: =MAX(F4:F10) -> 0.00020447471
J11: No linealidad máxima (% FS) | K11: =K10/K5*100 -> 0.020447471
A12: Interpretación: R² cercano a 1 indica una relación prácticamente lineal. La no linealidad máxima (% FS) es la mayor separación respecto a la recta de mejor ajuste, expresada como porcentaje de la salida nominal de 1 V. | J12: Máximo error vs ideal (%) | K12: =MAX(H4:H10) -> 0.3
J13: R² expresado en (%) | K13: =K9*100 -> 99.999982
